variable,salles,zones,est_piece_attaque
0xE700,10 12 14 15 20 22 33 34 77 98 101 104 185 225 231 530 531 532,Energy Hold | Flab Zone | Pump Works | Trash Pit,1
0xE701,10 12 14 15 20 22 33 34 77 98 101 104 185 225 231 530 531 532,Energy Hold | Flab Zone | Pump Works | Trash Pit,1
0xE702,10 12 14 15 20 22 33 34 77 98 101 104 185 225 231 530 531 532,Energy Hold | Flab Zone | Pump Works | Trash Pit,1
0xE703,10 12 14 15 20 22 33 34 77 98 101 104 185 225 231 530 531 532,Energy Hold | Flab Zone | Pump Works | Trash Pit,1
0xE704,10 12 14 15 20 22 33 34 77 98 101 104 185 225 231 530 531 532,Energy Hold | Flab Zone | Pump Works | Trash Pit,1
0xE705,10 12 14 15 20 22 33 34 77 98 101 104 185 225 231 530 531 532,Energy Hold | Flab Zone | Pump Works | Trash Pit,1
0xE706,10 12 14 15 20 22 33 34 77 98 101 104 185 225 231 530 531 532,Energy Hold | Flab Zone | Pump Works | Trash Pit,1
0xE707,10 12 14 15 20 22 33 34 77 98 101 104 185 225 231 530 531 532,Energy Hold | Flab Zone | Pump Works | Trash Pit,1
0xE708,10 12 14 15 20 22 33 34 77 98 101 104 185 225 231 530 531 532,Energy Hold | Flab Zone | Pump Works | Trash Pit,1
0xE709,10 12 14 15 20 22 33 34 77 98 101 104 185 225 231 530 531 532,Energy Hold | Flab Zone | Pump Works | Trash Pit,1
0xE70A,380 381 382,Airway,0
0xE70B,650,Challenge Node,0
0xE70C,650,Challenge Node,0
0xE70D,650,Challenge Node,0
0xE70E,225,Energy Hold,0
0xE70F,225,Energy Hold,0
0xE710,226,Energy Hold,0
0xE711,226,Energy Hold,0
0xE712,362,Toad Square,0
0xE727,2 650,---- | Challenge Node,0
0xE728,650,Challenge Node,0
0xE729,650,Challenge Node,0
0xE72A,650,Challenge Node,0
0xE72B,650,Challenge Node,0
0xE72C,650,Challenge Node,0
0xE72D,650,Challenge Node,0
0xE72E,650,Challenge Node,0
0xE72F,650,Challenge Node,0
0xE730,650,Challenge Node,0
0xE731,650,Challenge Node,0
0xE732,650,Challenge Node,0
0xE733,650,Challenge Node,0
0xE734,650,Challenge Node,0
0xE735,650,Challenge Node,0
0xE736,650,Challenge Node,0
0xE737,650,Challenge Node,0
0xE738,1,----,0
0xE739,498,Airway,0
0xE73A,497,Airway,0
0xE73B,650,Challenge Node,0
0xE73C,498,Airway,0
0xE73D,330,Memory Banks,0
0xE73E,337 377 378 379 380 381 382 383 384 385 386 387 388 497 498 499 500 501 502 503 504 506,---- | Airway,0
0xE744,5 13 15,Pump Works,0
0xE745,5,Pump Works,0
0xE747,6,Pump Works,0
0xE748,11,Pump Works,0
0xE749,10 12 14 15 20 22 33 34 77 98 101 104 185 225 231 530 531 532,Energy Hold | Flab Zone | Pump Works | Trash Pit,1
0xE74A,2 13,---- | Pump Works,0
0xE74B,13,Pump Works,0
0xE74C,13,Pump Works,0
0xE74D,13,Pump Works,0
0xE74E,15,Pump Works,0
0xE74F,15,Pump Works,0
0xE752,10,Pump Works,0
0xE753,10,Pump Works,0
0xE754,10 12 14 15 20 22 33 34 77 98 101 104 185 225 231 530 531 532,Energy Hold | Flab Zone | Pump Works | Trash Pit,1
0xE757,10 12 14 15 20 22 33 34 77 98 101 104 185 225 231 530 531 532,Energy Hold | Flab Zone | Pump Works | Trash Pit,1
0xE758,10 12 14 15 20 22 33 34 77 98 101 104 185 225 231 530 531 532,Energy Hold | Flab Zone | Pump Works | Trash Pit,1
0xE759,10 12 14 15 20 22 33 34 77 98 101 104 185 225 231 530 531 532,Energy Hold | Flab Zone | Pump Works | Trash Pit,1
0xE75A,10 12 14 15 20 22 33 34 77 98 101 104 185 225 231 530 531 532,Energy Hold | Flab Zone | Pump Works | Trash Pit,1
0xE75B,10 12 14 15 20 22 33 34 77 98 101 104 185 225 231 530 531 532,Energy Hold | Flab Zone | Pump Works | Trash Pit,1
0xE75C,10 12 14 15 20 22 33 34 77 98 101 104 185 225 231 530 531 532,Energy Hold | Flab Zone | Pump Works | Trash Pit,1
0xE75D,10 12 14 15 20 22 33 34 77 98 101 104 185 225 231 530 531 532,Energy Hold | Flab Zone | Pump Works | Trash Pit,1
0xE75E,10 12 14 15 20 22 33 34 77 98 101 104 185 225 231 530 531 532,Energy Hold | Flab Zone | Pump Works | Trash Pit,1
0xE75F,29,Pump Works,0
0xE760,1 2 9,---- | Pump Works,0
0xE761,56,Flame Pipe,0
0xE762,1 57,---- | Flame Pipe,0
0xE763,2 58,---- | Nerve Cluster,0
0xE764,2 59,---- | Nerve Cluster,0
0xE765,60,Nerve Cluster,0
0xE766,1 2 50,---- | Dimble Wood,0
0xE767,2 78,---- | Flab Zone,0
0xE768,2 79,---- | Flab Zone,0
0xE76A,79,Flab Zone,0
0xE76B,79,Flab Zone,0
0xE76C,46 49 76 170 171 174 395 399 412 426 431 483 486,Dimble Wood | Peach's Castle,1
0xE76D,46 49 76 170 171 174 395 399 412 426 431 483 486,Dimble Wood | Peach's Castle,1
0xE76E,46 49 76 170 171 174 395 399 412 426 431 483 486,Dimble Wood | Peach's Castle,1
0xE76F,46 49 76 170 171 174 395 399 412 426 431 483 486,Dimble Wood | Peach's Castle,1
0xE770,46 49 76 170 171 174 395 399 412 426 431 483 486,Dimble Wood | Peach's Castle,1
0xE771,46 49 76 170 171 174 395 399 412 426 431 483 486,Dimble Wood | Peach's Castle,1
0xE772,46 49 76 170 171 174 395 399 412 426 431 483 486,Dimble Wood | Peach's Castle,1
0xE773,46 49 76 170 171 174 395 399 412 426 431 483 486,Dimble Wood | Peach's Castle,1
0xE774,46 49 76 170 171 174 395 399 412 426 431 483 486,Dimble Wood | Peach's Castle,1
0xE775,46 49 76 170 171 174 395 399 412 426 431 483 486,Dimble Wood | Peach's Castle,1
0xE776,99 100 105,Flab Zone,0
0xE777,99 100 105,Flab Zone,0
0xE778,99 100 105,Flab Zone,0
0xE779,99 100 105,Flab Zone,0
0xE77A,105,Flab Zone,0
0xE77B,209,Bowser Castle,0
0xE77C,99,Flab Zone,0
0xE77D,1 104,---- | Flab Zone,0
0xE780,10 12 14 15 20 22 33 34 77 98 101 104 185 225 231 530 531 532,Energy Hold | Flab Zone | Pump Works | Trash Pit,0
0xE781,10 12 14 15 20 22 33 34 77 98 101 104 185 225 231 530 531 532,Energy Hold | Flab Zone | Pump Works | Trash Pit,1
0xE782,10 12 14 15 20 22 33 34 77 98 101 104 185 225 231 530 531 532,Energy Hold | Flab Zone | Pump Works | Trash Pit,0
0xE783,10 12 14 15 20 22 33 34 77 98 101 104 185 225 231 530 531 532,Energy Hold | Flab Zone | Pump Works | Trash Pit,1
0xE788,98 101 231 650,Challenge Node | Energy Hold | Flab Zone,0
0xE789,98 101 231 650,Challenge Node | Energy Hold | Flab Zone,0
0xE78A,98 101 231,Energy Hold | Flab Zone,0
0xE78B,100,Flab Zone,0
0xE78C,105,Flab Zone,0
0xE78D,1 2 119,---- | Rump Command,0
0xE78E,1 2 119,---- | Rump Command,0
0xE78F,119,Rump Command,0
0xE790,104,Flab Zone,0
0xE791,184,Flab Zone,0
0xE792,165,Energy Hold,0
0xE793,165,Energy Hold,0
0xE794,167,Energy Hold,0
0xE795,185,Energy Hold,0
0xE796,2 195,---- | Energy Hold,0
0xE797,2 191,---- | Energy Hold,0
0xE798,2 193,---- | Energy Hold,0
0xE799,2 188,---- | Energy Hold,0
0xE79A,2 197,---- | Energy Hold,0
0xE79B,185,Energy Hold,0
0xE79C,185,Energy Hold,0
0xE79D,186,Energy Hold,0
0xE79E,189,Energy Hold,0
0xE79F,194,Energy Hold,0
0xE7A0,196,Energy Hold,0
0xE7A1,192,Energy Hold,0
0xE7A2,187,Energy Hold,0
0xE7A3,187,Energy Hold,0
0xE7A4,187,Energy Hold,0
0xE7A5,187,Energy Hold,0
0xE7A6,187,Energy Hold,0
0xE7A7,187,Energy Hold,0
0xE7A8,187,Energy Hold,0
0xE7A9,190,Energy Hold,0
0xE7AA,225,Energy Hold,0
0xE7AB,185,Energy Hold,0
0xE7AC,223,Energy Hold,0
0xE7AD,227,Energy Hold,0
0xE7AE,2 229,---- | Energy Hold,0
0xE7AF,229,Energy Hold,0
0xE7B0,229,Energy Hold,0
0xE7B1,228,Energy Hold,0
0xE7B2,271,Energy Hold,0
0xE7B3,271,Energy Hold,0
0xE7B4,226,Energy Hold,1
0xE7B5,10 12 14 15 20 22 33 34 77 98 101 104 185 225 231 530 531 532,Energy Hold | Flab Zone | Pump Works | Trash Pit,1
0xE7B6,226,Energy Hold,1
0xE7B7,226,Energy Hold,1
0xE7B8,10 12 14 15 20 22 33 34 77 98 101 104 185 225 231 530 531 532,Energy Hold | Flab Zone | Pump Works | Trash Pit,1
0xE7B9,226,Energy Hold,1
0xE7BC,10 12 14 15 20 22 33 34 77 98 101 104 185 225 231 530 531 532,Energy Hold | Flab Zone | Pump Works | Trash Pit,0
0xE7BE,1 2 272,---- | Energy Hold,0
0xE7BF,190,Energy Hold,0
0xE7C0,190,Energy Hold,0
0xE7C1,190,Energy Hold,0
0xE7C2,2 267,---- | Energy Hold,0
0xE7C3,268,Energy Hold,0
0xE7C4,46 49 76 170 171 174 395 399 412 426 431 483 486,Dimble Wood | Peach's Castle,1
0xE7C5,46 49 76 170 171 174 395 399 412 426 431 483 486,Dimble Wood | Peach's Castle,1
0xE7C6,46 49 76 170 171 174 395 399 412 426 431 483 486,Dimble Wood | Peach's Castle,1
0xE7C7,46 49 76 170 171 174 395 399 412 426 431 483 486,Dimble Wood | Peach's Castle,1
0xE7C8,46 49 76 170 171 174 395 399 412 426 431 483 486,Dimble Wood | Peach's Castle,1
0xE7C9,46 49 76 170 171 174 395 399 412 426 431 483 486,Dimble Wood | Peach's Castle,1
0xE7CA,46 49 76 170 171 174 395 399 412 426 431 483 486,Dimble Wood | Peach's Castle,1
0xE7CB,46 49 76 170 171 174 395 399 412 426 431 483 486,Dimble Wood | Peach's Castle,1
0xE7CC,46 49 76 170 171 174 395 399 412 426 431 483 486,Dimble Wood | Peach's Castle,1
0xE7CD,46 49 76 170 171 174 395 399 412 426 431 483 486,Dimble Wood | Peach's Castle,1
0xE7CE,26,Plack Beach,0
0xE7CF,269,Energy Hold,0
0xE7D0,330,Memory Banks,0
0xE7D2,2 338,---- | Lumbar Nook,0
0xE7D3,2 338,---- | Lumbar Nook,0
0xE7D4,329,Memory Banks,0
0xE7D5,2 331,---- | Memory Banks,0
0xE7D6,338,Lumbar Nook,0
0xE7D7,2 362,---- | Toad Square,0
0xE7D8,362,Toad Square,0
0xE7D9,362,Toad Square,0
0xE7DA,362,Toad Square,0
0xE7DB,362,Toad Square,0
0xE7DC,377,Airway,0
0xE7DD,377,Airway,0
0xE7DE,377,Airway,0
0xE7DF,377,Airway,0
0xE7E0,377,Airway,0
0xE7E1,377,Airway,0
0xE7E2,377,Airway,0
0xE7E3,378,Airway,0
0xE7E5,378,Airway,0
0xE7E7,379,Airway,0
0xE7E8,379,Airway,0
0xE7E9,379,Airway,0
0xE7EA,379,Airway,0
0xE7EB,379,Airway,0
0xE7EC,379,Airway,0
0xE7ED,383,Airway,0
0xE7EE,383,Airway,0
0xE7F0,383,Airway,0
0xE7F1,2 385,---- | Airway,0
0xE7F2,383,Airway,0
0xE7F3,383,Airway,0
0xE7F4,383,Airway,0
0xE7F6,380 381 382,Airway,0
0xE7F7,380 381,Airway,0
0xE7F8,382,Airway,0
0xE7F9,382,Airway,0
0xE7FA,382,Airway,0
0xE7FB,384,Airway,0
0xE7FC,384,Airway,0
0xE7FD,2 366 647,---- | Gut Check | Plack Beach,0
0xE7FE,2 46 49 76 170 171 174 395 399 412 426 431 483 486,---- | Dimble Wood | Peach's Castle,1
0xE7FF,2 46 49 76 170 171 174 395 399 412 426 431 483 486,---- | Dimble Wood | Peach's Castle,1
0xE800,2 46 49 76 170 171 174 395 399 412 426 431 483 486,---- | Dimble Wood | Peach's Castle,1
0xE801,2 46 49 76 170 171 174 395 399 412 426 431 483 486,---- | Dimble Wood | Peach's Castle,1
0xE802,2 46 49 76 170 171 174 395 399 412 426 431 483 486,---- | Dimble Wood | Peach's Castle,1
0xE803,2 46 49 76 170 171 174 395 399 412 426 431 483 486,---- | Dimble Wood | Peach's Castle,1
0xE804,46 49 76 170 171 174 395 399 412 426 431 483 486,Dimble Wood | Peach's Castle,1
0xE805,46 49 76 170 171 174 395 399 412 426 431 483 486,Dimble Wood | Peach's Castle,1
0xE806,46 49 76 170 171 174 395 399 412 426 431 483 486,Dimble Wood | Peach's Castle,1
0xE807,46 49 76 170 171 174 395 399 412 426 431 483 486,Dimble Wood | Peach's Castle,1
0xE808,379,Airway,0
0xE809,383,Airway,0
0xE80A,380 381 382,Airway,0
0xE80B,380,Airway,0
0xE80C,385,Airway,0
0xE80D,385,Airway,0
0xE80E,46 49 76 170 171 174 395 399 412 426 431 483 486,Dimble Wood | Peach's Castle,1
0xE80F,46 49 76 170 171 174 395 399 412 426 431 483 486,Dimble Wood | Peach's Castle,1
0xE810,46 49 76 170 171 174 395 399 412 426 431 483 486,Dimble Wood | Peach's Castle,1
0xE811,46 49 76 170 171 174 395 399 412 426 431 483 486,Dimble Wood | Peach's Castle,1
0xE812,46 49 76 170 171 174 395 399 412 426 431 483 486,Dimble Wood | Peach's Castle,1
0xE813,46 49 76 170 171 174 395 399 412 426 431 483 486,Dimble Wood | Peach's Castle,1
0xE814,46 49 76 170 171 174 395 399 412 426 431 483 486,Dimble Wood | Peach's Castle,1
0xE815,46 49 76 170 171 174 395 399 412 426 431 483 486,Dimble Wood | Peach's Castle,1
0xE816,46 49 76 170 171 174 395 399 412 426 431 483 486,Dimble Wood | Peach's Castle,1
0xE817,46 49 76 170 171 174 395 399 412 426 431 483 486,Dimble Wood | Peach's Castle,1
0xE818,46 49 76 170 171 174 395 399 412 426 431 483 486,Dimble Wood | Peach's Castle,1
0xE819,46 49 76 170 171 174 395 399 412 426 431 483 486,Dimble Wood | Peach's Castle,1
0xE81A,46 49 76 170 171 174 395 399 412 426 431 483 486,Dimble Wood | Peach's Castle,1
0xE81B,46 49 76 170 171 174 395 399 412 426 431 483 486,Dimble Wood | Peach's Castle,1
0xE81C,46 49 76 170 171 174 395 399 412 426 431 483 486,Dimble Wood | Peach's Castle,1
0xE81D,46 49 76 170 171 174 395 399 412 426 431 483 486,Dimble Wood | Peach's Castle,1
0xE81E,46 49 76 170 171 174 395 399 412 426 431 483 486,Dimble Wood | Peach's Castle,1
0xE81F,46 49 76 170 171 174 395 399 412 426 431 483 486,Dimble Wood | Peach's Castle,1
0xE820,46 49 76 170 171 174 395 399 412 426 431 483 486,Dimble Wood | Peach's Castle,1
0xE821,46 49 76 170 171 174 395 399 412 426 431 483 486,Dimble Wood | Peach's Castle,1
0xE822,381,Airway,0
0xE823,381,Airway,0
0xE824,381,Airway,0
0xE825,381,Airway,0
0xE826,498,Airway,0
0xE827,498,Airway,0
0xE828,498,Airway,0
0xE829,498,Airway,0
0xE82A,498,Airway,0
0xE82B,498,Airway,0
0xE82C,498,Airway,0
0xE82D,498,Airway,0
0xE82E,498,Airway,0
0xE82F,498,Airway,0
0xE830,498,Airway,0
0xE831,497,Airway,0
0xE832,499,Airway,0
0xE833,2 505,---- | Airway,0
0xE834,2 505,---- | Airway,0
0xE835,505,Airway,0
0xE836,498,Airway,0
0xE837,267,Energy Hold,0
0xE838,2 497,---- | Airway,0
0xE839,2 497,---- | Airway,0
0xE83A,500,Airway,0
0xE83B,500,Airway,0
0xE83C,502,Airway,0
0xE83D,502,Airway,0
0xE83E,506,Airway,0
0xE83F,506,Airway,0
0xE840,506,Airway,0
0xE841,539,Trash Pit,0
0xE842,61,Plack Beach,0
0xE843,12,Pump Works,0
0xE844,51,Dimble Wood,0
0xE845,185,Energy Hold,0
0xE848,272,Energy Hold,0
0xE849,2 366 647,---- | Gut Check | Plack Beach,0
0xE84A,368,Plack Beach,0
0xE84B,244,Toad Town,0
0xE84C,453,Peach's Castle,0
0xE84D,463,Peach's Castle,0
0xE84E,469,Peach's Castle,0
0xE850,2 508,---- | Funny Bone,0
0xE851,2 508,---- | Funny Bone,0
0xE852,508,Funny Bone,0
0xE853,508,Funny Bone,0
0xE854,382 501,Airway,0
0xE855,0 1 2 3 4 5 6 7 8 9 10 11 12 13 14 15 16 17 18 19 20 21 22 23 24 25 26 27 28 29 30 31 32 33 34 35 36 37 38 39 40 41 42 43 44 45 46 47 48 49 50 51 52 53 54 55 56 57 58 59 60 61 62 63 64 65 66 67 68 69 70 71 72 73 74 75 76 77 78 79 80 81 82 83 84 85 86 87 88 89 90 91 92 93 94 95 96 97 98 99 100 101 102 103 104 105 106 107 108 109 110 111 112 113 114 115 116 117 118 119 120 121 122 123 124 125 126 127 128 129 130 131 132 133 134 135 136 137 138 139 140 141 142 143 144 145 146 147 148 149 150 151 152 153 154 155 156 157 158 159 160 161 162 163 164 165 166 167 168 169 170 171 172 173 174 175 176 177 178 179 180 181 182 183 184 185 186 187 188 189 190 191 192 193 194 195 196 197 198 199 200 201 202 203 204 205 206 207 208 209 210 211 212 213 214 215 216 217 218 219 220 221 222 223 224 225 226 227 228 229 230 231 232 233 234 235 236 237 238 239 240 241 242 243 244 245 246 247 248 249 250 251 252 254 255 256 257 258 259 260 261 262 263 264 265 266 267 268 269 270 271 272 273 274 275 276 277 278 279 280 281 282 283 284 285 286 287 288 289 290 291 292 293 294 295 296 297 298 299 300 301 303 304 305 306 307 308 309 310 311 312 313 314 315 316 317 318 319 320 321 322 323 324 325 326 327 328 329 330 331 332 333 334 335 336 337 338 339 340 341 342 343 344 345 346 347 348 349 350 351 352 353 354 355 356 357 358 359 360 361 362 363 364 365 366 367 368 369 370 371 373 374 375 376 377 378 379 380 381 382 383 384 385 386 387 388 389 390 391 392 393 394 395 396 397 398 399 400 401 402 403 404 405 406 407 408 409 410 411 412 413 414 415 416 417 418 419 420 421 422 423 424 425 426 427 428 429 430 431 432 433 434 435 436 437 438 439 440 441 442 443 444 445 446 447 448 449 450 451 452 453 454 455 456 457 458 459 460 461 462 463 464 465 466 467 468 469 470 471 472 473 474 475 476 477 478 479 480 481 482 483 484 485 486 487 488 489 490 491 492 493 494 495 496 497 498 499 500 501 502 503 504 505 506 507 508 509 510 511 512 513 514 515 516 517 518 519 520 521 522 523 524 525 526 527 528 529 530 531 532 533 534 535 536 537 538 539 540 541 542 543 544 545 546 547 548 549 550 551 552 553 554 555 556 557 558 559 560 561 562 563 564 565 566 567 568 569 570 571 572 573 574 575 576 577 578 579 580 581 582 583 584 585 586 587 588 589 590 591 592 593 594 595 596 597 598 599 600 601 602 603 604 605 606 607 608 609 610 611 612 613 614 615 616 617 618 619 620 621 622 623 624 625 626 627 628 629 630 631 632 633 634 635 636 637 638 639 640 641 642 643 644 645 646 647 648 649 650 651 652 653 654 655 656 657 658 659 660 661 662 663 664 665 666 667 668 669 670 671 672 673 674 675 676 677 678 679 680,---- | Airway | Arm Center | Blubble Lake | Bowser Castle | Bowser Path | Bumpsy Plains | Cavi Cape | Challenge Node | Chest Station | Dimble Wood | Energy Hold | Flab Zone | Flame Pipe | Funny Bone | Gut Check | Joint Tower | Leg Outpost | Lumbar Nook | Memory Banks | Nerve Cluster | Nose Deck | Peach's Castle | Plack Beach | Pump Works | Rump Command | Toad Square | Toad Town | Tower of Yikk | Trash Pit | Tunnel,0
0xE856,0 1 2 3 4 5 6 7 8 9 10 11 12 13 14 15 16 17 18 19 20 21 22 23 24 25 26 27 28 29 30 31 32 33 34 35 36 37 38 39 40 41 42 43 44 45 46 47 48 49 50 51 52 53 54 55 56 57 58 59 60 61 62 63 64 65 66 67 68 69 70 71 72 73 74 75 76 77 78 79 80 81 82 83 84 85 86 87 88 89 90 91 92 93 94 95 96 97 98 99 100 101 102 103 104 105 106 107 108 109 110 111 112 113 114 115 116 117 118 119 120 121 122 123 124 125 126 127 128 129 130 131 132 133 134 135 136 137 138 139 140 141 142 143 144 145 146 147 148 149 150 151 152 153 154 155 156 157 158 159 160 161 162 163 164 165 166 167 168 169 170 171 172 173 174 175 176 177 178 179 180 181 182 183 184 185 186 187 188 189 190 191 192 193 194 195 196 197 198 199 200 201 202 203 204 205 206 207 208 209 210 211 212 213 214 215 216 217 218 219 220 221 222 223 224 225 226 227 228 229 230 231 232 233 234 235 236 237 238 239 240 241 242 243 244 245 246 247 248 249 250 251 252 254 255 256 257 258 259 260 261 262 263 264 265 266 267 268 269 270 271 272 273 274 275 276 277 278 279 280 281 282 283 284 285 286 287 288 289 290 291 292 293 294 295 296 297 298 299 300 301 303 304 305 306 307 308 309 310 311 312 313 314 315 316 317 318 319 320 321 322 323 324 325 326 327 328 329 330 331 332 333 334 335 336 337 338 339 340 341 342 343 344 345 346 347 348 349 350 351 352 353 354 355 356 357 358 359 360 361 362 363 364 365 366 367 368 369 370 371 373 374 375 376 377 378 379 380 381 382 383 384 385 386 387 388 389 390 391 392 393 394 395 396 397 398 399 400 401 402 403 404 405 406 407 408 409 410 411 412 413 414 415 416 417 418 419 420 421 422 423 424 425 426 427 428 429 430 431 432 433 434 435 436 437 438 439 440 441 442 443 444 445 446 447 448 449 450 451 452 453 454 455 456 457 458 459 460 461 462 463 464 465 466 467 468 469 470 471 472 473 474 475 476 477 478 479 480 481 482 483 484 485 486 487 488 489 490 491 492 493 494 495 496 497 498 499 500 501 502 503 504 505 506 507 508 509 510 511 512 513 514 515 516 517 518 519 520 521 522 523 524 525 526 527 528 529 530 531 532 533 534 535 536 537 538 539 540 541 542 543 544 545 546 547 548 549 550 551 552 553 554 555 556 557 558 559 560 561 562 563 564 565 566 567 568 569 570 571 572 573 574 575 576 577 578 579 580 581 582 583 584 585 586 587 588 589 590 591 592 593 594 595 596 597 598 599 600 601 602 603 604 605 606 607 608 609 610 611 612 613 614 615 616 617 618 619 620 621 622 623 624 625 626 627 628 629 630 631 632 633 634 635 636 637 638 639 640 641 642 643 644 645 646 647 648 649 650 651 652 653 654 655 656 657 658 659 660 661 662 663 664 665 666 667 668 669 670 671 672 673 674 675 676 677 678 679 680,---- | Airway | Arm Center | Blubble Lake | Bowser Castle | Bowser Path | Bumpsy Plains | Cavi Cape | Challenge Node | Chest Station | Dimble Wood | Energy Hold | Flab Zone | Flame Pipe | Funny Bone | Gut Check | Joint Tower | Leg Outpost | Lumbar Nook | Memory Banks | Nerve Cluster | Nose Deck | Peach's Castle | Plack Beach | Pump Works | Rump Command | Toad Square | Toad Town | Tower of Yikk | Trash Pit | Tunnel,0
0xE857,0 1 2 3 4 5 6 7 8 9 10 11 12 13 14 15 16 17 18 19 20 21 22 23 24 25 26 27 28 29 30 31 32 33 34 35 36 37 38 39 40 41 42 43 44 45 46 47 48 49 50 51 52 53 54 55 56 57 58 59 60 61 62 63 64 65 66 67 68 69 70 71 72 73 74 75 76 77 78 79 80 81 82 83 84 85 86 87 88 89 90 91 92 93 94 95 96 97 98 99 100 101 102 103 104 105 106 107 108 109 110 111 112 113 114 115 116 117 118 119 120 121 122 123 124 125 126 127 128 129 130 131 132 133 134 135 136 137 138 139 140 141 142 143 144 145 146 147 148 149 150 151 152 153 154 155 156 157 158 159 160 161 162 163 164 165 166 167 168 169 170 171 172 173 174 175 176 177 178 179 180 181 182 183 184 185 186 187 188 189 190 191 192 193 194 195 196 197 198 199 200 201 202 203 204 205 206 207 208 209 210 211 212 213 214 215 216 217 218 219 220 221 222 223 224 225 226 227 228 229 230 231 232 233 234 235 236 237 238 239 240 241 242 243 244 245 246 247 248 249 250 251 252 254 255 256 257 258 259 260 261 262 263 264 265 266 267 268 269 270 271 272 273 274 275 276 277 278 279 280 281 282 283 284 285 286 287 288 289 290 291 292 293 294 295 296 297 298 299 300 301 303 304 305 306 307 308 309 310 311 312 313 314 315 316 317 318 319 320 321 322 323 324 325 326 327 328 329 330 331 332 333 334 335 336 337 338 339 340 341 342 343 344 345 346 347 348 349 350 351 352 353 354 355 356 357 358 359 360 361 362 363 364 365 366 367 368 369 370 371 373 374 375 376 377 378 379 380 381 382 383 384 385 386 387 388 389 390 391 392 393 394 395 396 397 398 399 400 401 402 403 404 405 406 407 408 409 410 411 412 413 414 415 416 417 418 419 420 421 422 423 424 425 426 427 428 429 430 431 432 433 434 435 436 437 438 439 440 441 442 443 444 445 446 447 448 449 450 451 452 453 454 455 456 457 458 459 460 461 462 463 464 465 466 467 468 469 470 471 472 473 474 475 476 477 478 479 480 481 482 483 484 485 486 487 488 489 490 491 492 493 494 495 496 497 498 499 500 501 502 503 504 505 506 507 508 509 510 511 512 513 514 515 516 517 518 519 520 521 522 523 524 525 526 527 528 529 530 531 532 533 534 535 536 537 538 539 540 541 542 543 544 545 546 547 548 549 550 551 552 553 554 555 556 557 558 559 560 561 562 563 564 565 566 567 568 569 570 571 572 573 574 575 576 577 578 579 580 581 582 583 584 585 586 587 588 589 590 591 592 593 594 595 596 597 598 599 600 601 602 603 604 605 606 607 608 609 610 611 612 613 614 615 616 617 618 619 620 621 622 623 624 625 626 627 628 629 630 631 632 633 634 635 636 637 638 639 640 641 642 643 644 645 646 647 648 649 650 651 652 653 654 655 656 657 658 659 660 661 662 663 664 665 666 667 668 669 670 671 672 673 674 675 676 677 678 679 680,---- | Airway | Arm Center | Blubble Lake | Bowser Castle | Bowser Path | Bumpsy Plains | Cavi Cape | Challenge Node | Chest Station | Dimble Wood | Energy Hold | Flab Zone | Flame Pipe | Funny Bone | Gut Check | Joint Tower | Leg Outpost | Lumbar Nook | Memory Banks | Nerve Cluster | Nose Deck | Peach's Castle | Plack Beach | Pump Works | Rump Command | Toad Square | Toad Town | Tower of Yikk | Trash Pit | Tunnel,0
0xE858,0 1 2 3 4 5 6 7 8 9 10 11 12 13 14 15 16 17 18 19 20 21 22 23 24 25 26 27 28 29 30 31 32 33 34 35 36 37 38 39 40 41 42 43 44 45 46 47 48 49 50 51 52 53 54 55 56 57 58 59 60 61 62 63 64 65 66 67 68 69 70 71 72 73 74 75 76 77 78 79 80 81 82 83 84 85 86 87 88 89 90 91 92 93 94 95 96 97 98 99 100 101 102 103 104 105 106 107 108 109 110 111 112 113 114 115 116 117 118 119 120 121 122 123 124 125 126 127 128 129 130 131 132 133 134 135 136 137 138 139 140 141 142 143 144 145 146 147 148 149 150 151 152 153 154 155 156 157 158 159 160 161 162 163 164 165 166 167 168 169 170 171 172 173 174 175 176 177 178 179 180 181 182 183 184 185 186 187 188 189 190 191 192 193 194 195 196 197 198 199 200 201 202 203 204 205 206 207 208 209 210 211 212 213 214 215 216 217 218 219 220 221 222 223 224 225 226 227 228 229 230 231 232 233 234 235 236 237 238 239 240 241 242 243 244 245 246 247 248 249 250 251 252 254 255 256 257 258 259 260 261 262 263 264 265 266 267 268 269 270 271 272 273 274 275 276 277 278 279 280 281 282 283 284 285 286 287 288 289 290 291 292 293 294 295 296 297 298 299 300 301 303 304 305 306 307 308 309 310 311 312 313 314 315 316 317 318 319 320 321 322 323 324 325 326 327 328 329 330 331 332 333 334 335 336 337 338 339 340 341 342 343 344 345 346 347 348 349 350 351 352 353 354 355 356 357 358 359 360 361 362 363 364 365 366 367 368 369 370 371 373 374 375 376 377 378 379 380 381 382 383 384 385 386 387 388 389 390 391 392 393 394 395 396 397 398 399 400 401 402 403 404 405 406 407 408 409 410 411 412 413 414 415 416 417 418 419 420 421 422 423 424 425 426 427 428 429 430 431 432 433 434 435 436 437 438 439 440 441 442 443 444 445 446 447 448 449 450 451 452 453 454 455 456 457 458 459 460 461 462 463 464 465 466 467 468 469 470 471 472 473 474 475 476 477 478 479 480 481 482 483 484 485 486 487 488 489 490 491 492 493 494 495 496 497 498 499 500 501 502 503 504 505 506 507 508 509 510 511 512 513 514 515 516 517 518 519 520 521 522 523 524 525 526 527 528 529 530 531 532 533 534 535 536 537 538 539 540 541 542 543 544 545 546 547 548 549 550 551 552 553 554 555 556 557 558 559 560 561 562 563 564 565 566 567 568 569 570 571 572 573 574 575 576 577 578 579 580 581 582 583 584 585 586 587 588 589 590 591 592 593 594 595 596 597 598 599 600 601 602 603 604 605 606 607 608 609 610 611 612 613 614 615 616 617 618 619 620 621 622 623 624 625 626 627 628 629 630 631 632 633 634 635 636 637 638 639 640 641 642 643 644 645 646 647 648 649 650 651 652 653 654 655 656 657 658 659 660 661 662 663 664 665 666 667 668 669 670 671 672 673 674 675 676 677 678 679 680,---- | Airway | Arm Center | Blubble Lake | Bowser Castle | Bowser Path | Bumpsy Plains | Cavi Cape | Challenge Node | Chest Station | Dimble Wood | Energy Hold | Flab Zone | Flame Pipe | Funny Bone | Gut Check | Joint Tower | Leg Outpost | Lumbar Nook | Memory Banks | Nerve Cluster | Nose Deck | Peach's Castle | Plack Beach | Pump Works | Rump Command | Toad Square | Toad Town | Tower of Yikk | Trash Pit | Tunnel,0
0xE859,0 1 2 3 4 5 6 7 8 9 10 11 12 13 14 15 16 17 18 19 20 21 22 23 24 25 26 27 28 29 30 31 32 33 34 35 36 37 38 39 40 41 42 43 44 45 46 47 48 49 50 51 52 53 54 55 56 57 58 59 60 61 62 63 64 65 66 67 68 69 70 71 72 73 74 75 76 77 78 79 80 81 82 83 84 85 86 87 88 89 90 91 92 93 94 95 96 97 98 99 100 101 102 103 104 105 106 107 108 109 110 111 112 113 114 115 116 117 118 119 120 121 122 123 124 125 126 127 128 129 130 131 132 133 134 135 136 137 138 139 140 141 142 143 144 145 146 147 148 149 150 151 152 153 154 155 156 157 158 159 160 161 162 163 164 165 166 167 168 169 170 171 172 173 174 175 176 177 178 179 180 181 182 183 184 185 186 187 188 189 190 191 192 193 194 195 196 197 198 199 200 201 202 203 204 205 206 207 208 209 210 211 212 213 214 215 216 217 218 219 220 221 222 223 224 225 226 227 228 229 230 231 232 233 234 235 236 237 238 239 240 241 242 243 244 245 246 247 248 249 250 251 252 254 255 256 257 258 259 260 261 262 263 264 265 266 267 268 269 270 271 272 273 274 275 276 277 278 279 280 281 282 283 284 285 286 287 288 289 290 291 292 293 294 295 296 297 298 299 300 301 303 304 305 306 307 308 309 310 311 312 313 314 315 316 317 318 319 320 321 322 323 324 325 326 327 328 329 330 331 332 333 334 335 336 337 338 339 340 341 342 343 344 345 346 347 348 349 350 351 352 353 354 355 356 357 358 359 360 361 362 363 364 365 366 367 368 369 370 371 373 374 375 376 377 378 379 380 381 382 383 384 385 386 387 388 389 390 391 392 393 394 395 396 397 398 399 400 401 402 403 404 405 406 407 408 409 410 411 412 413 414 415 416 417 418 419 420 421 422 423 424 425 426 427 428 429 430 431 432 433 434 435 436 437 438 439 440 441 442 443 444 445 446 447 448 449 450 451 452 453 454 455 456 457 458 459 460 461 462 463 464 465 466 467 468 469 470 471 472 473 474 475 476 477 478 479 480 481 482 483 484 485 486 487 488 489 490 491 492 493 494 495 496 497 498 499 500 501 502 503 504 505 506 507 508 509 510 511 512 513 514 515 516 517 518 519 520 521 522 523 524 525 526 527 528 529 530 531 532 533 534 535 536 537 538 539 540 541 542 543 544 545 546 547 548 549 550 551 552 553 554 555 556 557 558 559 560 561 562 563 564 565 566 567 568 569 570 571 572 573 574 575 576 577 578 579 580 581 582 583 584 585 586 587 588 589 590 591 592 593 594 595 596 597 598 599 600 601 602 603 604 605 606 607 608 609 610 611 612 613 614 615 616 617 618 619 620 621 622 623 624 625 626 627 628 629 630 631 632 633 634 635 636 637 638 639 640 641 642 643 644 645 646 647 648 649 650 651 652 653 654 655 656 657 658 659 660 661 662 663 664 665 666 667 668 669 670 671 672 673 674 675 676 677 678 679 680,---- | Airway | Arm Center | Blubble Lake | Bowser Castle | Bowser Path | Bumpsy Plains | Cavi Cape | Challenge Node | Chest Station | Dimble Wood | Energy Hold | Flab Zone | Flame Pipe | Funny Bone | Gut Check | Joint Tower | Leg Outpost | Lumbar Nook | Memory Banks | Nerve Cluster | Nose Deck | Peach's Castle | Plack Beach | Pump Works | Rump Command | Toad Square | Toad Town | Tower of Yikk | Trash Pit | Tunnel,0
0xE85A,0 1 2 3 4 5 6 7 8 9 10 11 12 13 14 15 16 17 18 19 20 21 22 23 24 25 26 27 28 29 30 31 32 33 34 35 36 37 38 39 40 41 42 43 44 45 46 47 48 49 50 51 52 53 54 55 56 57 58 59 60 61 62 63 64 65 66 67 68 69 70 71 72 73 74 75 76 77 78 79 80 81 82 83 84 85 86 87 88 89 90 91 92 93 94 95 96 97 98 99 100 101 102 103 104 105 106 107 108 109 110 111 112 113 114 115 116 117 118 119 120 121 122 123 124 125 126 127 128 129 130 131 132 133 134 135 136 137 138 139 140 141 142 143 144 145 146 147 148 149 150 151 152 153 154 155 156 157 158 159 160 161 162 163 164 165 166 167 168 169 170 171 172 173 174 175 176 177 178 179 180 181 182 183 184 185 186 187 188 189 190 191 192 193 194 195 196 197 198 199 200 201 202 203 204 205 206 207 208 209 210 211 212 213 214 215 216 217 218 219 220 221 222 223 224 225 226 227 228 229 230 231 232 233 234 235 236 237 238 239 240 241 242 243 244 245 246 247 248 249 250 251 252 254 255 256 257 258 259 260 261 262 263 264 265 266 267 268 269 270 271 272 273 274 275 276 277 278 279 280 281 282 283 284 285 286 287 288 289 290 291 292 293 294 295 296 297 298 299 300 301 303 304 305 306 307 308 309 310 311 312 313 314 315 316 317 318 319 320 321 322 323 324 325 326 327 328 329 330 331 332 333 334 335 336 337 338 339 340 341 342 343 344 345 346 347 348 349 350 351 352 353 354 355 356 357 358 359 360 361 362 363 364 365 366 367 368 369 370 371 373 374 375 376 377 378 379 380 381 382 383 384 385 386 387 388 389 390 391 392 393 394 395 396 397 398 399 400 401 402 403 404 405 406 407 408 409 410 411 412 413 414 415 416 417 418 419 420 421 422 423 424 425 426 427 428 429 430 431 432 433 434 435 436 437 438 439 440 441 442 443 444 445 446 447 448 449 450 451 452 453 454 455 456 457 458 459 460 461 462 463 464 465 466 467 468 469 470 471 472 473 474 475 476 477 478 479 480 481 482 483 484 485 486 487 488 489 490 491 492 493 494 495 496 497 498 499 500 501 502 503 504 505 506 507 508 509 510 511 512 513 514 515 516 517 518 519 520 521 522 523 524 525 526 527 528 529 530 531 532 533 534 535 536 537 538 539 540 541 542 543 544 545 546 547 548 549 550 551 552 553 554 555 556 557 558 559 560 561 562 563 564 565 566 567 568 569 570 571 572 573 574 575 576 577 578 579 580 581 582 583 584 585 586 587 588 589 590 591 592 593 594 595 596 597 598 599 600 601 602 603 604 605 606 607 608 609 610 611 612 613 614 615 616 617 618 619 620 621 622 623 624 625 626 627 628 629 630 631 632 633 634 635 636 637 638 639 640 641 642 643 644 645 646 647 648 649 650 651 652 653 654 655 656 657 658 659 660 661 662 663 664 665 666 667 668 669 670 671 672 673 674 675 676 677 678 679 680,---- | Airway | Arm Center | Blubble Lake | Bowser Castle | Bowser Path | Bumpsy Plains | Cavi Cape | Challenge Node | Chest Station | Dimble Wood | Energy Hold | Flab Zone | Flame Pipe | Funny Bone | Gut Check | Joint Tower | Leg Outpost | Lumbar Nook | Memory Banks | Nerve Cluster | Nose Deck | Peach's Castle | Plack Beach | Pump Works | Rump Command | Toad Square | Toad Town | Tower of Yikk | Trash Pit | Tunnel,0
0xE85B,0 1 2 3 4 5 6 7 8 9 10 11 12 13 14 15 16 17 18 19 20 21 22 23 24 25 26 27 28 29 30 31 32 33 34 35 36 37 38 39 40 41 42 43 44 45 46 47 48 49 50 51 52 53 54 55 56 57 58 59 60 61 62 63 64 65 66 67 68 69 70 71 72 73 74 75 76 77 78 79 80 81 82 83 84 85 86 87 88 89 90 91 92 93 94 95 96 97 98 99 100 101 102 103 104 105 106 107 108 109 110 111 112 113 114 115 116 117 118 119 120 121 122 123 124 125 126 127 128 129 130 131 132 133 134 135 136 137 138 139 140 141 142 143 144 145 146 147 148 149 150 151 152 153 154 155 156 157 158 159 160 161 162 163 164 165 166 167 168 169 170 171 172 173 174 175 176 177 178 179 180 181 182 183 184 185 186 187 188 189 190 191 192 193 194 195 196 197 198 199 200 201 202 203 204 205 206 207 208 209 210 211 212 213 214 215 216 217 218 219 220 221 222 223 224 225 226 227 228 229 230 231 232 233 234 235 236 237 238 239 240 241 242 243 244 245 246 247 248 249 250 251 252 254 255 256 257 258 259 260 261 262 263 264 265 266 267 268 269 270 271 272 273 274 275 276 277 278 279 280 281 282 283 284 285 286 287 288 289 290 291 292 293 294 295 296 297 298 299 300 301 303 304 305 306 307 308 309 310 311 312 313 314 315 316 317 318 319 320 321 322 323 324 325 326 327 328 329 330 331 332 333 334 335 336 337 338 339 340 341 342 343 344 345 346 347 348 349 350 351 352 353 354 355 356 357 358 359 360 361 362 363 364 365 366 367 368 369 370 371 373 374 375 376 377 378 379 380 381 382 383 384 385 386 387 388 389 390 391 392 393 394 395 396 397 398 399 400 401 402 403 404 405 406 407 408 409 410 411 412 413 414 415 416 417 418 419 420 421 422 423 424 425 426 427 428 429 430 431 432 433 434 435 436 437 438 439 440 441 442 443 444 445 446 447 448 449 450 451 452 453 454 455 456 457 458 459 460 461 462 463 464 465 466 467 468 469 470 471 472 473 474 475 476 477 478 479 480 481 482 483 484 485 486 487 488 489 490 491 492 493 494 495 496 497 498 499 500 501 502 503 504 505 506 507 508 509 510 511 512 513 514 515 516 517 518 519 520 521 522 523 524 525 526 527 528 529 530 531 532 533 534 535 536 537 538 539 540 541 542 543 544 545 546 547 548 549 550 551 552 553 554 555 556 557 558 559 560 561 562 563 564 565 566 567 568 569 570 571 572 573 574 575 576 577 578 579 580 581 582 583 584 585 586 587 588 589 590 591 592 593 594 595 596 597 598 599 600 601 602 603 604 605 606 607 608 609 610 611 612 613 614 615 616 617 618 619 620 621 622 623 624 625 626 627 628 629 630 631 632 633 634 635 636 637 638 639 640 641 642 643 644 645 646 647 648 649 650 651 652 653 654 655 656 657 658 659 660 661 662 663 664 665 666 667 668 669 670 671 672 673 674 675 676 677 678 679 680,---- | Airway | Arm Center | Blubble Lake | Bowser Castle | Bowser Path | Bumpsy Plains | Cavi Cape | Challenge Node | Chest Station | Dimble Wood | Energy Hold | Flab Zone | Flame Pipe | Funny Bone | Gut Check | Joint Tower | Leg Outpost | Lumbar Nook | Memory Banks | Nerve Cluster | Nose Deck | Peach's Castle | Plack Beach | Pump Works | Rump Command | Toad Square | Toad Town | Tower of Yikk | Trash Pit | Tunnel,0
0xE85C,497,Airway,0
0xE85D,38,Bowser Castle,0
0xE85E,138,Bowser Castle,0
0xE85F,143,Bowser Castle,0
0xE860,148,Bowser Castle,0
0xE861,148,Bowser Castle,0
0xE862,148,Bowser Castle,0
0xE863,148,Bowser Castle,0
0xE864,125,Bowser Path,0
0xE866,418,Peach's Castle,0
0xE867,418,Peach's Castle,0
0xE868,418,Peach's Castle,0
0xE869,418,Peach's Castle,0
0xE86A,418,Peach's Castle,0
0xE86B,418,Peach's Castle,0
0xE86C,418,Peach's Castle,0
0xE86D,418,Peach's Castle,0
0xE86E,418,Peach's Castle,0
0xE86F,418,Peach's Castle,0
0xE870,2 419,---- | Peach's Castle,0
0xE871,364,Blubble Lake,0
0xE872,2 453,---- | Peach's Castle,0
0xE873,2 453,---- | Peach's Castle,0
0xE874,2 463,---- | Peach's Castle,0
0xE875,2 469,---- | Peach's Castle,0
0xE876,2 463,---- | Peach's Castle,0
0xE877,469,Peach's Castle,0
0xE878,419,Peach's Castle,0
0xE879,466,Peach's Castle,0
0xE87A,458,Peach's Castle,0
0xE87B,2 461,---- | Peach's Castle,0
0xE87C,2 469,---- | Peach's Castle,0
0xE87D,460,Peach's Castle,0
0xE87E,453,Peach's Castle,0
0xE87F,463,Peach's Castle,0
0xE880,419,Peach's Castle,0
0xE881,419,Peach's Castle,0
0xE882,419,Peach's Castle,0
0xE883,433,Peach's Castle,0
0xE884,433,Peach's Castle,0
0xE885,433,Peach's Castle,0
0xE886,433,Peach's Castle,0
0xE887,421,Peach's Castle,0
0xE888,462,Peach's Castle,0
0xE889,445,Peach's Castle,0
0xE88A,26 137 139 143 183 198 251 317 324 343 364 405 414 421 473 567,Blubble Lake | Bowser Castle | Peach's Castle | Plack Beach | Tower of Yikk | Tunnel,0
0xE88B,183,Tower of Yikk,0
0xE88C,137,Bowser Castle,0
0xE88D,458,Peach's Castle,0
0xE88E,459,Peach's Castle,0
0xE88F,459,Peach's Castle,0
0xE890,420 463 469 481,Peach's Castle,0
0xE891,143,Bowser Castle,0
0xE892,261 340,Blubble Lake | Plack Beach,0
0xE893,90 340,Bumpsy Plains | Plack Beach,0
0xE894,1 2 527,---- | Peach's Castle,0
0xE895,2 473,---- | Peach's Castle,0
0xE896,472,Peach's Castle,0
0xE897,1 527,---- | Peach's Castle,0
0xE898,471,Peach's Castle,0
0xE899,565 607,----,0
0xE89A,2 509,---- | Trash Pit,0
0xE89B,2 509,---- | Trash Pit,0
0xE89C,528,Trash Pit,0
0xE89D,528,Trash Pit,0
0xE89E,528,Trash Pit,0
0xE89F,528,Trash Pit,0
0xE8A0,519,Trash Pit,0
0xE8A1,510,Trash Pit,0
0xE8A2,529,Trash Pit,0
0xE8A3,529,Trash Pit,0
0xE8A4,529,Trash Pit,0
0xE8A5,529,Trash Pit,0
0xE8A6,2 539,---- | Trash Pit,0
0xE8A7,2 539,---- | Trash Pit,0
0xE8A8,2 539,---- | Trash Pit,0
0xE8A9,2 539,---- | Trash Pit,0
0xE8AA,540,Trash Pit,0
0xE8AB,540,Trash Pit,0
0xE8AC,540,Trash Pit,0
0xE8AD,540,Trash Pit,0
0xE8AE,567,Peach's Castle,0
0xE8AF,418 565 607,---- | Peach's Castle,0
0xE8B0,565,----,0
0xE8B1,565,----,0
0xE8B2,565,----,0
0xE8B3,565,----,0
0xE8B4,565,----,0
0xE8B5,565,----,0
0xE8B6,565,----,0
0xE8B7,565,----,0
0xE8B8,565,----,0
0xE8B9,2 565 607,----,0
0xE8BA,570,Peach's Castle,0
0xE8BB,570,Peach's Castle,0
0xE8BC,570,Peach's Castle,0
0xE8BD,570,Peach's Castle,0
0xE8BE,576,Peach's Castle,0
0xE8BF,579,Peach's Castle,0
0xE8C0,475,Peach's Castle,0
0xE8C1,210 261 308 325 471 491 572,Blubble Lake | Bowser Castle | Bowser Path | Peach's Castle | Tower of Yikk | Tunnel,0
0xE8C2,459,Peach's Castle,0
0xE8C3,466,Peach's Castle,0
0xE8C4,466,Peach's Castle,0
0xE8C5,468,Peach's Castle,0
0xE8C6,302,Pipe Yard,0
0xE8C7,473,Peach's Castle,0
0xE8C8,473,Peach's Castle,0
0xE8C9,1 653,---- | Dimble Wood,0
0xE8CA,1 653,---- | Dimble Wood,0
0xE8CB,1 653,---- | Dimble Wood,0
0xE8CC,1 653,---- | Dimble Wood,0
0xE8CD,1 653,---- | Dimble Wood,0
0xE8CE,1 653,---- | Dimble Wood,0
0xE8CF,1 653,---- | Dimble Wood,0
0xE8D0,1 653,---- | Dimble Wood,0
0xE8D1,1 653,---- | Dimble Wood,0
0xE8D2,1 653,---- | Dimble Wood,0
0xE8D3,1 653,---- | Dimble Wood,0
0xE8D4,1 653,---- | Dimble Wood,0
0xE8D5,1 653,---- | Dimble Wood,0
0xE8D6,1 653,---- | Dimble Wood,0
0xE8D7,653,Dimble Wood,0
0xE8D8,109,Bowser Path,0
0xE8D9,249,Blubble Lake,0
0xE8DA,314,Joint Tower,0
0xE8DB,418,Peach's Castle,0
0xE8DC,418,Peach's Castle,0
0xE8DD,418,Peach's Castle,0
0xE8DE,418,Peach's Castle,0
0xE8DF,125,Bowser Path,0
0xE8E0,209,Bowser Castle,0
0xE8E1,654,Bowser Castle,0
0xE8E2,2 148 153 372,---- | Bowser Castle,0
0xE8E3,654,Bowser Castle,0
0xE8E4,2 148,---- | Bowser Castle,0
0xE8E5,2 153,---- | Bowser Castle,0
0xE8E6,2 153,---- | Bowser Castle,0
0xE8E7,2 372,---- | Bowser Castle,0
0xE8E8,655,Bowser Castle,0
0xE8E9,649,Blubble Lake,0
0xE8EA,654,Bowser Castle,0
0xE8EC,655,Bowser Castle,0
0xE8ED,373,Bowser Castle,0
0xE8EE,265 266 284 285 453 463,Blubble Lake | Peach's Castle,0
0xE8EF,0 3 16 17 18 19 26 30 31 32 35 36 37 38 39 40 41 42 43 44 46 47 48 49 50 51 53 54 55 61 62 65 70 71 72 73 74 75 76 80 82 83 84 85 86 87 88 89 90 91 92 95 96 102 103 106 107 109 110 112 113 114 115 116 120 121 122 123 124 125 126 127 128 129 135 136 137 138 139 140 141 142 143 144 145 146 147 148 150 151 152 153 155 157 158 159 160 161 162 163 168 169 170 171 172 173 174 175 176 177 178 179 180 181 182 183 200 201 202 203 204 205 206 207 208 210 211 212 213 214 215 216 217 218 219 220 221 222 234 235 236 237 238 239 240 241 242 243 244 245 246 248 249 250 252 253 256 258 260 261 262 263 264 265 266 273 274 275 276 277 278 279 280 281 282 283 284 285 287 288 289 290 291 292 293 294 295 296 297 298 299 300 301 303 304 305 306 307 308 309 311 312 313 315 324 325 328 335 339 340 342 343 344 345 346 347 348 349 350 351 352 353 354 355 356 357 358 359 360 361 364 367 368 369 370 371 372 373 374 375 376 389 390 391 396 397 405 406 410 411 413 414 418 419 420 421 422 423 424 425 426 430 431 432 433 434 435 436 437 438 439 440 441 442 443 444 445 446 447 448 449 450 451 452 453 454 455 456 457 458 459 460 461 462 463 464 465 466 467 468 469 471 472 473 474 475 476 477 478 479 480 481 482 483 484 485 486 487 488 489 490 491 492 507 511 512 521 522 523 524 525 526 527 535 537 541 548 565 566 567 568 569 570 571 572 575 576 577 578 579 580 581 582 592 605 606 607 631 635 637 638 643 647 648 649 651 653 654 655 656 657 658 664 666 667,---- | Blubble Lake | Bowser Castle | Bowser Path | Bumpsy Plains | Cavi Cape | Dimble Wood | Flab Zone | Peach's Castle | Plack Beach | Toad Town | Tower of Yikk | Tunnel,0
0xE8F0,183 324,Tower of Yikk,0
0xE8F1,143,Bowser Castle,0
0xE8F2,473,Peach's Castle,0
0xE8F3,109 114 123 150 371 372 441,Bowser Castle | Bowser Path | Peach's Castle,0
0xE8F4,654,Bowser Castle,0
0xE914,83 278,Blubble Lake | Dimble Wood,0
0xE915,83 278,Blubble Lake | Dimble Wood,0
0xE918,71 376,Dimble Wood,0
0xE937,2 51 62 73 110,---- | Bowser Path | Dimble Wood | Plack Beach,0
0xE93A,28 255 644 645 652,---- | Arm Center,0
0xE941,17 18 30 84 85 238 240,Bumpsy Plains | Plack Beach | Toad Town,0
0xE942,17 84 238 240,Bumpsy Plains | Plack Beach | Toad Town,0
0xE943,1 2 61,---- | Plack Beach,0
0xE944,1,----,0
0xE945,62,Plack Beach,0
0xE946,1 2 28 51 73,---- | Arm Center | Dimble Wood,0
0xE947,62,Plack Beach,0
0xE948,17 30 84 85 238 240,Bumpsy Plains | Plack Beach | Toad Town,0
0xE949,17 85,Bumpsy Plains | Plack Beach,0
0xE94B,1 2 53,---- | Plack Beach,0
0xE94C,47,Dimble Wood,0
0xE94D,51,Dimble Wood,0
0xE94E,1 2 50,---- | Dimble Wood,0
0xE94F,1 50,---- | Dimble Wood,0
0xE950,1 2 51,---- | Dimble Wood,0
0xE951,1 2 51,---- | Dimble Wood,0
0xE952,1 2 48,---- | Dimble Wood,0
0xE953,1 50,---- | Dimble Wood,0
0xE954,50,Dimble Wood,0
0xE955,50,Dimble Wood,0
0xE956,1 2 653,---- | Dimble Wood,0
0xE957,1 2 70,---- | Dimble Wood,0
0xE958,1 2 47,---- | Dimble Wood,0
0xE959,1 2 72,---- | Dimble Wood,0
0xE95A,72,Dimble Wood,0
0xE95B,72,Dimble Wood,0
0xE95C,1 2 72,---- | Dimble Wood,0
0xE95D,1 2 73,---- | Dimble Wood,0
0xE95E,73,Dimble Wood,0
0xE95F,73,Dimble Wood,0
0xE960,73,Dimble Wood,0
0xE961,30,Plack Beach,0
0xE962,51,Dimble Wood,0
0xE963,71,Dimble Wood,0
0xE964,102,Dimble Wood,0
0xE965,102,Dimble Wood,0
0xE966,102,Dimble Wood,0
0xE967,102,Dimble Wood,0
0xE968,102,Dimble Wood,0
0xE969,102,Dimble Wood,0
0xE96A,102,Dimble Wood,0
0xE96B,102,Dimble Wood,0
0xE96C,102,Dimble Wood,0
0xE96D,102,Dimble Wood,0
0xE96E,102,Dimble Wood,0
0xE96F,102,Dimble Wood,0
0xE970,102,Dimble Wood,0
0xE971,76,Dimble Wood,0
0xE972,76,Dimble Wood,0
0xE973,50,Dimble Wood,0
0xE974,50,Dimble Wood,0
0xE975,50,Dimble Wood,0
0xE976,50,Dimble Wood,0
0xE977,50,Dimble Wood,0
0xE978,50,Dimble Wood,0
0xE979,50,Dimble Wood,0
0xE97C,46 47 71 72 73 82 91 96 129,Dimble Wood,0
0xE97D,1 2 80,---- | Dimble Wood,0
0xE97E,85,Bumpsy Plains,0
0xE97F,2 62,---- | Plack Beach,0
0xE980,180,Dimble Wood,0
0xE982,207,Toad Town,0
0xE983,207,Toad Town,0
0xE984,211 215 217 433,Peach's Castle | Tunnel,0
0xE985,204 541,---- | Toad Town,0
0xE986,204 541,---- | Toad Town,0
0xE987,204 541,---- | Toad Town,0
0xE988,204 541,---- | Toad Town,0
0xE989,1 2 210,---- | Tunnel,0
0xE98A,2 234,---- | Toad Town,0
0xE98B,234,Toad Town,0
0xE98D,235,Toad Town,0
0xE98E,236,Toad Town,0
0xE98F,241,Toad Town,0
0xE990,1 2 237,---- | Toad Town,0
0xE991,273 289,Blubble Lake | Toad Town,0
0xE992,296,Toad Town,0
0xE993,1 2 368,---- | Plack Beach,0
0xE994,2 244,---- | Toad Town,0
0xE995,155,Toad Town,0
0xE996,1 2 318,---- | Toad Town,0
0xE998,242,Toad Town,0
0xE999,1 2 291,---- | Toad Town,0
0xE99A,204 541,---- | Toad Town,0
0xE99B,1 2 288,---- | Toad Town,0
0xE99C,297,Toad Town,0
0xE99D,297,Toad Town,0
0xE99E,300,Toad Town,0
0xE99F,296,Toad Town,0
0xE9A0,163,Toad Town,0
0xE9A1,297,Toad Town,0
0xE9A2,204 541,---- | Toad Town,0
0xE9A3,1 2 297,---- | Toad Town,0
0xE9A4,211,Tunnel,0
0xE9A5,211,Tunnel,0
0xE9A6,217,Tunnel,0
0xE9A7,296,Toad Town,0
0xE9A8,296,Toad Town,0
0xE9A9,215 433,Peach's Castle | Tunnel,0
0xE9AA,217,Tunnel,0
0xE9AB,217,Tunnel,0
0xE9AC,217,Tunnel,0
0xE9AD,217,Tunnel,0
0xE9AE,217,Tunnel,0
0xE9AF,217,Tunnel,0
0xE9B0,217,Tunnel,0
0xE9B1,217,Tunnel,0
0xE9B2,217,Tunnel,0
0xE9B3,217,Tunnel,0
0xE9B4,296,Toad Town,0
0xE9B5,296,Toad Town,0
0xE9B6,296,Toad Town,0
0xE9B7,296,Toad Town,0
0xE9B8,296,Toad Town,0
0xE9B9,296,Toad Town,0
0xE9BA,296,Toad Town,0
0xE9BB,296,Toad Town,0
0xE9BC,297,Toad Town,0
0xE9BD,297,Toad Town,0
0xE9BE,297,Toad Town,0
0xE9BF,297,Toad Town,0
0xE9C0,297,Toad Town,0
0xE9C1,297,Toad Town,0
0xE9C2,297,Toad Town,0
0xE9C3,297,Toad Town,0
0xE9C4,296 297,Toad Town,0
0xE9C5,289,Toad Town,0
0xE9C6,289,Toad Town,0
0xE9C7,289,Toad Town,0
0xE9C8,207,Toad Town,0
0xE9C9,289,Toad Town,0
0xE9CA,211,Tunnel,0
0xE9CB,289,Toad Town,0
0xE9CC,289,Toad Town,0
0xE9CD,290,Toad Town,0
0xE9CE,215,Tunnel,0
0xE9CF,215,Tunnel,0
0xE9D0,215,Tunnel,0
0xE9D1,273 289,Blubble Lake | Toad Town,0
0xE9D2,289,Toad Town,0
0xE9D3,289,Toad Town,0
0xE9D4,289,Toad Town,0
0xE9D5,289,Toad Town,0
0xE9D6,289,Toad Town,0
0xE9D7,211 215 217 433,Peach's Castle | Tunnel,0
0xE9D8,211 215 217 433,Peach's Castle | Tunnel,0
0xE9D9,299,Toad Town,0
0xE9DA,299,Toad Town,0
0xE9DB,139 218 311,---- | Bowser Castle | Tunnel,0
0xE9DC,2 245,---- | Toad Town,0
0xE9DD,245,Toad Town,0
0xE9DE,18,Plack Beach,0
0xE9DF,18,Plack Beach,0
0xE9E0,18,Plack Beach,0
0xE9E1,18,Plack Beach,0
0xE9E2,18,Plack Beach,0
0xE9E3,18,Plack Beach,0
0xE9F8,1 2 368,---- | Plack Beach,0
0xE9F9,1 2 368,---- | Plack Beach,0
0xE9FA,1 2 368,---- | Plack Beach,0
0xE9FB,374 523,Cavi Cape | Plack Beach,0
0xE9FC,342,Plack Beach,0
0xE9FD,374,Plack Beach,0
0xE9FE,374,Plack Beach,0
0xE9FF,374,Plack Beach,0
0xEA00,374,Plack Beach,0
0xEA01,374,Plack Beach,0
0xEA02,374,Plack Beach,0
0xEA03,375,Plack Beach,0
0xEA04,375,Plack Beach,0
0xEA05,375,Plack Beach,0
0xEA06,375,Plack Beach,0
0xEA07,375,Plack Beach,0
0xEA08,375,Plack Beach,0
0xEA09,375,Plack Beach,0
0xEA0A,375,Plack Beach,0
0xEA0B,375,Plack Beach,0
0xEA0C,375,Plack Beach,0
0xEA0D,375,Plack Beach,0
0xEA0E,375,Plack Beach,0
0xEA0F,375,Plack Beach,0
0xEA10,375,Plack Beach,0
0xEA11,375,Plack Beach,0
0xEA12,375,Plack Beach,0
0xEA13,375,Plack Beach,0
0xEA14,375,Plack Beach,0
0xEA15,375,Plack Beach,0
0xEA16,375,Plack Beach,0
0xEA17,356,Plack Beach,0
0xEA18,356,Plack Beach,0
0xEA19,356,Plack Beach,0
0xEA1A,356,Plack Beach,0
0xEA1B,356,Plack Beach,0
0xEA1C,356,Plack Beach,0
0xEA1D,356,Plack Beach,0
0xEA1E,356,Plack Beach,0
0xEA1F,356,Plack Beach,0
0xEA20,356,Plack Beach,0
0xEA21,356,Plack Beach,0
0xEA22,356,Plack Beach,0
0xEA23,356,Plack Beach,0
0xEA24,356,Plack Beach,0
0xEA25,356,Plack Beach,0
0xEA26,356,Plack Beach,0
0xEA27,356,Plack Beach,0
0xEA28,356,Plack Beach,0
0xEA39,357,Plack Beach,0
0xEA3A,1 2 44,---- | Bowser Castle,0
0xEA3B,139,Bowser Castle,0
0xEA3C,390,Bowser Castle,0
0xEA3D,2 392,---- | Dimble Wood,0
0xEA3E,2 395,---- | Dimble Wood,0
0xEA40,1 2 392,---- | Dimble Wood,0
0xEA42,2 298,---- | Toad Town,0
0xEA43,2 409,---- | Dimble Wood,0
0xEA44,1 2 409,---- | Dimble Wood,0
0xEA45,2 409,---- | Dimble Wood,0
0xEA46,2 318,---- | Toad Town,0
0xEA48,653,Dimble Wood,0
0xEA49,376,Dimble Wood,0
0xEA4A,376,Dimble Wood,0
0xEA4B,376,Dimble Wood,0
0xEA4C,376,Dimble Wood,0
0xEA4D,376,Dimble Wood,0
0xEA4E,376,Dimble Wood,0
0xEA4F,376,Dimble Wood,0
0xEA50,376,Dimble Wood,0
0xEA51,376,Dimble Wood,0
0xEA52,376,Dimble Wood,0
0xEA53,376,Dimble Wood,0
0xEA54,159,Toad Town,0
0xEA55,159,Toad Town,0
0xEA56,1 2 413,---- | Peach's Castle,0
0xEA57,1 2 423,---- | Peach's Castle,0
0xEA58,174,Dimble Wood,0
0xEA5A,2 395,---- | Dimble Wood,0
0xEA5B,399,Dimble Wood,0
0xEA5C,1 423,---- | Peach's Castle,0
0xEA5D,237,Toad Town,0
0xEA5E,400,Dimble Wood,0
0xEA5F,424,Peach's Castle,0
0xEA60,405,Peach's Castle,0
0xEA61,492,Peach's Castle,0
0xEA62,413,Peach's Castle,0
0xEA63,158,Toad Town,0
0xEA64,51,Dimble Wood,0
0xEA66,239,Toad Town,0
0xEA67,236,Toad Town,0
0xEA68,236,Toad Town,0
0xEA69,2 297,---- | Toad Town,0
0xEA6C,1 507,---- | Cavi Cape,0
0xEA6D,127,Dimble Wood,0
0xEA6E,128,Dimble Wood,0
0xEA6F,129,Dimble Wood,0
0xEA70,128,Dimble Wood,0
0xEA71,128,Dimble Wood,0
0xEA72,128,Dimble Wood,0
0xEA73,128,Dimble Wood,0
0xEA74,128,Dimble Wood,0
0xEA75,128,Dimble Wood,0
0xEA76,128,Dimble Wood,0
0xEA77,128,Dimble Wood,0
0xEA78,128,Dimble Wood,0
0xEA79,170,Dimble Wood,0
0xEA7A,170,Dimble Wood,0
0xEA7B,168,Dimble Wood,0
0xEA7C,1 521,---- | Cavi Cape,0
0xEA7E,521,Cavi Cape,0
0xEA7F,521,Cavi Cape,0
0xEA80,521,Cavi Cape,0
0xEA81,521,Cavi Cape,0
0xEA82,521,Cavi Cape,0
0xEA84,522,Cavi Cape,0
0xEA85,522,Cavi Cape,0
0xEA86,522,Cavi Cape,0
0xEA87,522,Cavi Cape,0
0xEA88,522,Cavi Cape,0
0xEA89,523,Cavi Cape,0
0xEA8A,523,Cavi Cape,0
0xEA8B,521,Cavi Cape,0
0xEA8D,524,Cavi Cape,0
0xEA8F,349,Cavi Cape,0
0xEA92,535,Peach's Castle,0
0xEA93,534,Peach's Castle,0
0xEA94,16 340,Plack Beach,0
0xEA95,55 340,Plack Beach,0
0xEA96,340,Plack Beach,0
0xEA97,351,Cavi Cape,0
0xEA98,522,Cavi Cape,0
0xEA99,507,Cavi Cape,0
0xEA9A,641,----,0
0xEA9B,2 405,---- | Peach's Castle,0
0xEA9C,585,----,0
0xEA9D,585,----,0
0xEA9E,585,----,0
0xEA9F,585,----,0
0xEAA0,414,Peach's Castle,0
0xEAA3,311,----,0
0xEAA4,218,Tunnel,0
0xEAA5,139,Bowser Castle,0
0xEAA6,168,Dimble Wood,0
0xEAA7,139,Bowser Castle,0
0xEAA8,139,Bowser Castle,0
0xEAA9,1 210 261 308 325 471 491 572 653,---- | Blubble Lake | Bowser Castle | Bowser Path | Dimble Wood | Peach's Castle | Tower of Yikk | Tunnel,0
0xEAAA,1,----,0
0xEAAB,1,----,0
0xEAAC,1,----,0
0xEAAD,1,----,0
0xEAAE,1,----,0
0xEAAF,1,----,0
0xEAB0,1,----,0
0xEAB1,1,----,0
0xEAB2,1,----,0
0xEAB3,1,----,0
0xEAB4,1,----,0
0xEAB5,1,----,0
0xEAB6,1,----,0
0xEAB7,1,----,0
0xEAB9,653,Dimble Wood,0
0xEABA,653,Dimble Wood,0
0xEABB,653,Dimble Wood,0
0xEABC,653,Dimble Wood,0
0xEABD,2 236,---- | Toad Town,0
0xEABE,241,Toad Town,0
0xEABF,210 261 308 325 471 491 572,Blubble Lake | Bowser Castle | Bowser Path | Peach's Castle | Tower of Yikk | Tunnel,0
0xEAC0,2 204,---- | Toad Town,0
0xEAC7,204,Toad Town,0
0xEACA,204,Toad Town,0
0xEACB,204,Toad Town,0
0xEACE,242,Toad Town,0
0xEACF,244,Toad Town,0
0xEAD0,2 647,---- | Plack Beach,0
0xEAD1,647,Plack Beach,0
0xEAD2,647,Plack Beach,0
0xEAD3,647,Plack Beach,0
0xEAD4,647,Plack Beach,0
0xEAD5,2 19 647,---- | Plack Beach,0
0xEAD6,2 35 647,---- | Plack Beach,0
0xEAD7,2 32 647,---- | Plack Beach,0
0xEAD8,2 54 647,---- | Plack Beach,0
0xEAD9,647,Plack Beach,0
0xEADA,647,Plack Beach,0
0xEADB,647,Plack Beach,0
0xEADC,647,Plack Beach,0
0xEADD,647,Plack Beach,0
0xEADE,647,Plack Beach,0
0xEADF,210 261 308 325 471 491 572,Blubble Lake | Bowser Castle | Bowser Path | Peach's Castle | Tower of Yikk | Tunnel,0
0xEAE0,1 653,---- | Dimble Wood,0
0xEAE1,647,Plack Beach,0
0xEAE2,297,Toad Town,0
0xEAE4,19,Plack Beach,0
0xEAE5,35,Plack Beach,0
0xEAE6,32,Plack Beach,0
0xEAE7,54,Plack Beach,0
0xEAE8,242,Toad Town,0
0xEAE9,426,Peach's Castle,0
0xEAEA,426,Peach's Castle,0
0xEAEB,425,Peach's Castle,0
0xEAEC,340,Plack Beach,0
0xEAED,1 355,---- | Cavi Cape,0
0xEAEE,1 507,---- | Cavi Cape,0
0xEAEF,1 507,---- | Cavi Cape,0
0xEAF0,1 507,---- | Cavi Cape,0
0xEAF1,1 507,---- | Cavi Cape,0
0xEAF3,1 124 125 507,---- | Bowser Path | Cavi Cape,0
0xEAF4,1 507,---- | Cavi Cape,0
0xEAF5,1 507,---- | Cavi Cape,0
0xEAF7,1 507,---- | Cavi Cape,0
0xEAF8,1 507,---- | Cavi Cape,0
0xEAF9,521 643,---- | Cavi Cape,0
0xEAFA,643,----,0
0xEAFB,139,Bowser Castle,0
0xEAFC,647,Plack Beach,0
0xEAFD,99 100 105 210 242 261 296 308 325 362 471 491 497 572 647 653,Airway | Blubble Lake | Bowser Castle | Bowser Path | Dimble Wood | Flab Zone | Peach's Castle | Plack Beach | Toad Square | Toad Town | Tower of Yikk | Tunnel,0
0xEB00,0 1 2 26 50 57 62 127 137 143 173 183 275 280 288 297 324 335 348 406 421 473 567 651 662,---- | Blubble Lake | Bowser Castle | Dimble Wood | Flame Pipe | Peach's Castle | Plack Beach | Toad Town | Tower of Yikk,0
0xEB01,365,Blubble Lake,0
0xEB02,28,Arm Center,0
0xEB03,28 644 652,Arm Center,0
0xEB04,26,Plack Beach,0
0xEB05,1 2,----,0
0xEB06,365,Blubble Lake,0
0xEB07,365,Blubble Lake,0
0xEB08,1 2,----,0
0xEB09,28,Arm Center,0
0xEB0A,341,----,0
0xEB0B,310,----,0
0xEB0C,268,Energy Hold,0
0xEB0D,0 2 28 644 652,---- | Arm Center,0
0xEB0E,5 26 45 50 51 52 57 58 60 61 62 63 64 66 68 81 86 87 88 89 93 94 99 100 103 105 108 137 149 154 156 183 204 209 218 232 233 242 254 255 257 311 314 324 327 331 338 365 395 405 414 426 470 507 508 513 514 520 536 541 543 544 545 546 547 549 550 551 552 553 554 556 557 559 562 563 573 583 585 586 587 588 589 590 591 595 596 597 598 601 602 603 604 613 628 633 634 641 642 645 646 647 659 660 661 662 663 668 669,---- | Blubble Lake | Bowser Castle | Cavi Cape | Dimble Wood | Flab Zone | Flame Pipe | Funny Bone | Joint Tower | Lumbar Nook | Memory Banks | Nerve Cluster | Peach's Castle | Plack Beach | Pump Works | Toad Town | Tower of Yikk | Tunnel,0
0xEB0F,5 26 45 50 51 52 57 58 60 61 62 63 64 66 68 81 86 87 88 89 93 94 99 100 103 105 108 137 149 154 156 183 204 209 218 232 233 242 254 255 257 311 314 324 327 331 338 365 395 405 414 426 470 507 508 513 514 520 536 541 543 544 545 546 547 549 550 551 552 553 554 556 557 559 562 563 573 583 585 586 587 588 589 590 591 595 596 597 598 601 602 603 604 613 628 633 634 641 642 645 646 647 659 660 661 662 663 668 669,---- | Blubble Lake | Bowser Castle | Cavi Cape | Dimble Wood | Flab Zone | Flame Pipe | Funny Bone | Joint Tower | Lumbar Nook | Memory Banks | Nerve Cluster | Peach's Castle | Plack Beach | Pump Works | Toad Town | Tower of Yikk | Tunnel,0
0xEB10,341,----,0
0xEB11,341,----,0
0xEB12,28 644 652,Arm Center,0
0xEB13,28 644 652,Arm Center,0
0xEB14,28 644 652,Arm Center,0
0xEB15,28 644 652,Arm Center,0
0xEB16,28 644 652,Arm Center,0
0xEB17,28 644 652,Arm Center,0
0xEB18,418 427 565 607,---- | Peach's Castle,0
0xEB19,418 565 607,---- | Peach's Castle,0
0xEB1A,427,----,0
0xEB1B,427,----,0
0xEB1C,310,----,0
0xEB1D,28,Arm Center,0
0xEB1E,28,Arm Center,0
0xEB1F,2 52,----,0
0xEB20,27,----,0
0xEB21,365,Blubble Lake,0
0xEB22,365,Blubble Lake,0
0xEB23,2 52,----,0
0xEB24,2 255 599 645,---- | Peach's Castle,0
0xEB25,2 599,---- | Peach's Castle,0
0xEB26,255,----,0
0xEB27,255 645,----,0
0xEB28,255,----,0
0xEB29,255,----,0
0xEB2A,255 645,----,0
0xEB2B,254 646,Blubble Lake,0
0xEB2C,103 200 343 599,Blubble Lake | Dimble Wood | Peach's Castle | Tunnel,0
0xEB2D,229 426,Energy Hold | Peach's Castle,0
0xEB2E,26 28 37 47 50 51 62 66 80 103 137 139 143 183 209 218 234 257 261 264 311 315 318 335 341 349 364 405 414 421 423 473 507 521 522 577 651 664 671 674,---- | Arm Center | Blubble Lake | Bowser Castle | Cavi Cape | Dimble Wood | Flab Zone | Peach's Castle | Plack Beach | Toad Town | Tower of Yikk | Tunnel,0
0xEB2F,26 28 37 47 50 51 62 66 80 103 137 139 143 183 209 218 234 257 261 264 311 315 318 335 341 349 364 405 414 421 423 473 507 521 522 577 651 664 671 674,---- | Arm Center | Blubble Lake | Bowser Castle | Cavi Cape | Dimble Wood | Flab Zone | Peach's Castle | Plack Beach | Toad Town | Tower of Yikk | Tunnel,0
0xEB30,26 28 37 47 50 51 62 66 80 103 137 139 143 183 209 218 234 257 261 264 311 315 318 335 341 349 364 405 414 421 423 473 507 521 522 577 651 664 671 674,---- | Arm Center | Blubble Lake | Bowser Castle | Cavi Cape | Dimble Wood | Flab Zone | Peach's Castle | Plack Beach | Toad Town | Tower of Yikk | Tunnel,0
0xEB31,2,----,0
0xEB32,26 183 324 335 473,---- | Peach's Castle | Plack Beach | Tower of Yikk,0
0xEB34,2,----,0
0xEB35,365,Blubble Lake,0
0xEB36,27 200 343 599,---- | Blubble Lake | Peach's Castle | Tunnel,0
0xEB37,28 110 644 652,Arm Center | Bowser Path,0
0xEB38,3 6 7 8 9 10 11 15 23 24 38 39 42 97 98 99 100 101 104 105 114 120 122 130 131 132 133 135 136 140 141 167 173 185 186 189 192 194 196 203 205 206 207 210 213 217 219 225 234 236 239 268 269 275 280 287 288 292 295 296 297 302 314 342 348 368 373 377 378 380 381 382 383 384 385 387 388 406 429 497 498 499 500 501 502 503 504 505 506 515 516 517 519 524 528 540 606 650 656,---- | Airway | Blubble Lake | Bowser Castle | Bowser Path | Bumpsy Plains | Cavi Cape | Challenge Node | Dimble Wood | Energy Hold | Flab Zone | Joint Tower | Peach's Castle | Pipe Yard | Plack Beach | Pump Works | Toad Town | Trash Pit | Tunnel,0
0xEB39,27,----,0
0xEB3A,2 27 509,---- | Trash Pit,0
0xEB3B,0 3 16 17 18 19 26 30 31 32 35 36 37 38 39 40 41 42 43 44 46 47 48 49 50 51 53 54 55 61 62 65 70 71 72 73 74 75 76 80 82 83 84 85 86 87 88 89 90 91 92 95 96 102 103 106 107 109 110 112 113 114 115 116 120 121 122 123 124 125 126 127 128 129 135 136 137 138 139 140 141 142 143 144 145 146 147 148 150 151 152 153 155 157 158 159 160 161 162 163 168 169 170 171 172 173 174 175 176 177 178 179 180 181 182 183 200 201 202 203 204 205 206 207 208 210 211 212 213 214 215 216 217 218 219 220 221 222 234 235 236 237 238 239 240 241 242 243 244 245 246 248 249 250 252 253 256 258 260 261 262 263 264 265 266 273 274 275 276 277 278 279 280 281 282 283 284 285 287 288 289 290 291 292 293 294 295 296 297 298 299 300 301 303 304 305 306 307 308 309 311 312 313 315 324 325 328 335 339 340 342 343 344 345 346 347 348 349 350 351 352 353 354 355 356 357 358 359 360 361 364 367 368 369 370 371 372 373 374 375 376 389 390 391 396 397 405 406 410 411 413 414 418 419 420 421 422 423 424 425 426 430 431 432 433 434 435 436 437 438 439 440 441 442 443 444 445 446 447 448 449 450 451 452 453 454 455 456 457 458 459 460 461 462 463 464 465 466 467 468 469 471 472 473 474 475 476 477 478 479 480 481 482 483 484 485 486 487 488 489 490 491 492 507 511 512 521 522 523 524 525 526 527 535 537 541 548 565 566 567 568 569 570 571 572 575 576 577 578 579 580 581 582 592 605 606 607 631 635 637 638 643 647 648 649 651 653 654 655 656 657 658 664 666 667,---- | Blubble Lake | Bowser Castle | Bowser Path | Bumpsy Plains | Cavi Cape | Dimble Wood | Flab Zone | Peach's Castle | Plack Beach | Toad Town | Tower of Yikk | Tunnel,0
0xEB3C,3 6 7 8 9 10 11 15 23 24 97 98 99 100 101 104 105 130 131 132 133 167 173 185 186 189 192 194 196 268 269 275 280 288 297 302 348 377 378 380 381 382 383 384 385 387 388 406 429 497 498 499 501 502 503 504 505 506 515 516 517 519 650,---- | Airway | Blubble Lake | Bowser Castle | Challenge Node | Dimble Wood | Energy Hold | Flab Zone | Peach's Castle | Pipe Yard | Pump Works | Toad Town | Trash Pit,0
0xEB3D,27,----,0
0xEB3E,28,Arm Center,0
0xEB3F,1 16 17 18 30 32 37 38 39 40 41 42 43 44 46 47 48 49 50 51 53 55 61 62 65 70 71 72 73 82 83 90 92 102 103 107 109 110 114 120 121 122 123 124 125 127 135 136 137 138 139 140 141 142 144 147 148 150 151 152 153 154 180 182 183 198 200 201 202 203 205 206 207 209 210 211 213 215 217 218 219 234 236 237 238 239 240 248 249 250 251 252 253 260 261 262 263 264 265 266 274 277 278 282 283 285 287 288 291 292 295 296 297 302 304 306 307 308 309 317 324 325 328 340 342 343 349 350 355 364 367 368 370 371 372 373 376 389 390 392 395 399 400 405 406 411 412 413 414 419 420 421 423 430 432 433 437 441 443 445 453 454 458 460 462 463 469 471 472 474 475 481 485 491 507 521 522 523 524 535 556 558 560 561 569 571 572 576 577 584 599 600 606 633 649 651 653 654 656 664 667,---- | Blubble Lake | Bowser Castle | Bowser Path | Bumpsy Plains | Cavi Cape | Dimble Wood | Peach's Castle | Pipe Yard | Plack Beach | Toad Town | Tower of Yikk | Tunnel,0
0xEB40,234 364 414 423 509,Blubble Lake | Peach's Castle | Toad Town | Trash Pit,0
0xEB41,302,Pipe Yard,0
0xEB42,1 2 310,----,0
0xEB43,310,----,0
0xEB44,310,----,0
0xEB45,310,----,0
0xEB46,310,----,0
0xEB47,310,----,0
0xEB48,310,----,0
0xEB49,310,----,0
0xEB4A,310,----,0
0xEB4B,2 341,----,0
0xEB4C,341,----,0
0xEB4D,341,----,0
0xEB4E,341,----,0
0xEB4F,341,----,0
0xEB50,341,----,0
0xEB51,1 2 427,----,0
0xEB52,427,----,0
0xEB53,427,----,0
0xEB57,255,----,0
0xEB58,2,----,0
0xEB5A,2 644 652,---- | Arm Center,0
0xEB5D,28 644 652,Arm Center,0
0xEB5E,1 2 27,----,0
0xEB63,1 2 27,----,0
0xEB64,27,----,0
0xEB65,341,----,0
0xEB66,644 652,Arm Center,0
0xEB67,644 652,Arm Center,0
0xEB68,26,Plack Beach,0
0xEB69,365,Blubble Lake,0
0xEB6A,365,Blubble Lake,0
0xEB6B,365,Blubble Lake,0
0xEB6C,26 183 324 437 473,Peach's Castle | Plack Beach | Tower of Yikk,0
0xEB6D,26 143 183 324 473,Bowser Castle | Peach's Castle | Plack Beach | Tower of Yikk,0
0xEB6E,26 183 324 473,Peach's Castle | Plack Beach | Tower of Yikk,0
0xEB7F,2,----,0
0xEB80,2 14,---- | Pump Works,0
0xEB81,2 14,---- | Pump Works,0
0xEB82,2 14,---- | Pump Works,0
0xEB83,2 20,---- | Pump Works,0
0xEB84,2,----,0
0xEB85,2 12,---- | Pump Works,0
0xEB86,2 12,---- | Pump Works,0
0xEB87,21,Pump Works,0
0xEB88,12 21,Pump Works,0
0xEB89,21,Pump Works,0
0xEB8A,2 12,---- | Pump Works,0
0xEB8B,21,Pump Works,0
0xEB8C,1 2 26 335,---- | Plack Beach,0
0xEB8D,2 12,---- | Pump Works,0
0xEB8E,2 5,---- | Pump Works,0
0xEB8F,26,Plack Beach,0
0xEB90,26,Plack Beach,0
0xEB91,26,Plack Beach,0
0xEB92,26,Plack Beach,0
0xEB93,26,Plack Beach,0
0xEB94,26,Plack Beach,0
0xEB95,20,Pump Works,0
0xEB96,20,Pump Works,0
0xEB97,1 2 37,---- | Bowser Castle,0
0xEB98,37,Bowser Castle,0
0xEB99,37,Bowser Castle,0
0xEB9A,37,Bowser Castle,0
0xEB9B,37,Bowser Castle,0
0xEB9C,37,Bowser Castle,0
0xEB9E,37,Bowser Castle,0
0xEB9F,37,Bowser Castle,0
0xEBA0,37,Bowser Castle,0
0xEBA1,37,Bowser Castle,0
0xEBA2,37,Bowser Castle,0
0xEBA3,43,Bowser Castle,0
0xEBA4,43,Bowser Castle,0
0xEBA5,43,Bowser Castle,0
0xEBA6,43,Bowser Castle,0
0xEBA7,2 143 209,---- | Bowser Castle,0
0xEBA8,2 66,---- | Flab Zone,0
0xEBA9,2 66,---- | Flab Zone,0
0xEBAA,38,Bowser Castle,0
0xEBAB,38,Bowser Castle,0
0xEBAC,38,Bowser Castle,0
0xEBAD,38,Bowser Castle,0
0xEBAE,38,Bowser Castle,0
0xEBAF,39,Bowser Castle,0
0xEBB0,39,Bowser Castle,0
0xEBB1,39,Bowser Castle,0
0xEBB2,39,Bowser Castle,0
0xEBB3,39,Bowser Castle,0
0xEBB4,1 2 110,---- | Bowser Path,0
0xEBB5,1 2 124,---- | Bowser Path,0
0xEBB6,109,Bowser Path,0
0xEBB7,109,Bowser Path,0
0xEBB8,109,Bowser Path,0
0xEBB9,1 577,---- | Peach's Castle,0
0xEBBA,90,Bumpsy Plains,0
0xEBBB,92,Bumpsy Plains,0
0xEBBC,92,Bumpsy Plains,0
0xEBBD,92,Bumpsy Plains,0
0xEBBE,92,Bumpsy Plains,0
0xEBBF,92,Bumpsy Plains,0
0xEBC0,92,Bumpsy Plains,0
0xEBC1,92,Bumpsy Plains,0
0xEBC2,92,Bumpsy Plains,0
0xEBC3,664,Peach's Castle,0
0xEBC4,90,Bumpsy Plains,0
0xEBC5,90,Bumpsy Plains,0
0xEBC6,109,Bowser Path,0
0xEBC7,1 2 93,---- | Bowser Castle,0
0xEBC8,2 649,---- | Blubble Lake,0
0xEBC9,2 649,---- | Blubble Lake,0
0xEBCA,1 2 164,---- | Energy Hold,0
0xEBCB,202,Blubble Lake,0
0xEBCC,141,Bowser Castle,0
0xEBCD,264,Blubble Lake,0
0xEBCE,201,Blubble Lake,0
0xEBCF,2 250,---- | Blubble Lake,0
0xEBD0,249,Blubble Lake,0
0xEBD1,249,Blubble Lake,0
0xEBD2,249,Blubble Lake,0
0xEBD3,248,Blubble Lake,0
0xEBD4,262,Blubble Lake,0
0xEBD5,261,Blubble Lake,0
0xEBD6,120 277 460,Blubble Lake | Bowser Path | Peach's Castle,0
0xEBD7,1 2 302,---- | Pipe Yard,0
0xEBD8,1 2 302,---- | Pipe Yard,0
0xEBD9,2 173 297 406,---- | Dimble Wood | Peach's Castle | Toad Town,0
0xEBDA,41,Bowser Castle,0
0xEBDB,302,Pipe Yard,0
0xEBDC,302,Pipe Yard,0
0xEBDD,302,Pipe Yard,0
0xEBDE,314,Joint Tower,0
0xEBDF,314,Joint Tower,0
0xEBE0,314,Joint Tower,0
0xEBE1,314,Joint Tower,0
0xEBE2,283,Blubble Lake,0
0xEBE3,278,Blubble Lake,0
0xEBE4,1 2 314,---- | Joint Tower,0
0xEBE5,261,Blubble Lake,0
0xEBE6,249,Blubble Lake,0
0xEBE7,2 201,---- | Blubble Lake,0
0xEBE8,120,Bowser Path,0
0xEBEA,324,Tower of Yikk,0
0xEBEB,283,Blubble Lake,0
0xEBEC,273,Blubble Lake,0
0xEBED,277,Blubble Lake,0
0xEBEE,328,Blubble Lake,0
0xEBEF,309,Tower of Yikk,0
0xEBF0,309,Tower of Yikk,0
0xEBF1,277,Blubble Lake,0
0xEBF2,21,Pump Works,0
0xEBF3,21,Pump Works,0
0xEBF4,21,Pump Works,0
0xEBF5,183,Tower of Yikk,0
0xEBF6,1 2 261,---- | Blubble Lake,0
0xEBF7,252,Blubble Lake,0
0xEBF8,120 277 460,Blubble Lake | Bowser Path | Peach's Castle,0
0xEBF9,121 430,Bowser Path | Peach's Castle,0
0xEBFA,373,Bowser Castle,0
0xEBFB,32 148 150 153 371 372 395 399 400 411 412 413 414 420 423 441 463 469 481,Bowser Castle | Dimble Wood | Peach's Castle | Plack Beach,0
0xEBFC,152,Bowser Castle,0
0xEBFD,2 137,---- | Bowser Castle,0
0xEBFE,343,Tunnel,0
0xEBFF,2 364,---- | Blubble Lake,0
0xED68,249,Blubble Lake,0
0xED69,249,Blubble Lake,0
0xED6A,249,Blubble Lake,0
0xED73,249,Blubble Lake,0
0xED74,249,Blubble Lake,0
0xED75,249,Blubble Lake,0
0xED76,249,Blubble Lake,0
